{"cameraMode":{"drawMode":0,"name":"Shaded","section":"Shading Mode"},"sceneLighting":false,"audioPlay":false,"sceneViewState":{"showFog":true,"showMaterialUpdate":false,"showSkybox":false,"showFlares":true,"showImageEffects":true,"showParticleSystems":true},"in2DMode":false,"pivot":{"x":3.2300000190734865,"y":5.883158206939697,"z":0.05995607376098633},"rotation":{"x":-0.00596756162121892,"y":-0.10391309857368469,"z":-0.0006225082906894386,"w":0.9945694208145142},"size":3.4635279178619386,"orthographic":true}