{"cameraMode":{"drawMode":0,"name":"Shaded","section":"Shading Mode"},"sceneLighting":false,"audioPlay":false,"sceneViewState":{"showFog":true,"showMaterialUpdate":false,"showSkybox":false,"showFlares":true,"showImageEffects":true,"showParticleSystems":true},"in2DMode":false,"pivot":{"x":-2.2967886924743654,"y":5.9232258796691898,"z":0.0},"rotation":{"x":-0.00596756162121892,"y":-0.10391309857368469,"z":-0.0006225082906894386,"w":0.9945694208145142},"size":2.414530038833618,"orthographic":true}