{"cameraMode":{"drawMode":0,"name":"Shaded","section":"Shading Mode"},"sceneLighting":true,"audioPlay":false,"sceneViewState":{"showFog":true,"showMaterialUpdate":false,"showSkybox":true,"showFlares":true,"showImageEffects":true,"showParticleSystems":true},"in2DMode":false,"pivot":{"x":-1.7396540641784669,"y":7.176808834075928,"z":-17.722450256347658},"rotation":{"x":-0.0871976837515831,"y":0.0050773159600794319,"z":-0.000444444187451154,"w":-0.9961788654327393},"size":2.86352801322937,"orthographic":false}